Partner Data Point File,,,
Start of Test Wed 27 Sep 2017 16:42:43,,,
Time ( min ),Shear Strain ( deg ),Angle ( deg ),Torque ( inÂ·lb )
0,0.00031,0,0.02
0.00167,0.000311,0,0.02
0.00333,0.000322,0,0.04
0.005,0.000334,0,0.02
0.00667,0.000333,0.0028,0.01
0.00833,0.000338,0.0028,0.02
0.01,0.000324,0.0028,0.02
0.01167,0.000299,0.0028,0.02
0.01333,0.000265,0.0028,0.02
0.015,0.000232,0.0028,0.01
0.01667,0.000206,0.0028,0
0.01833,0.000194,0.0028,-0.01
0.02,0.000175,0.0028,-0.02
0.02167,0.000179,0.0028,-0.02
0.02333,0.000186,0.0028,-0.02
0.025,0.000202,0.0028,-0.01
0.02667,0.000258,0.0028,-0.01
0.02833,0.000288,0.0028,0.01
0.03,0.00039,0.0224,0.03
0.03167,0.001193,0.0168,0.19
0.03333,0.001206,0.0028,0.2
0.035,0.000835,0.0028,0.13
0.03667,0.000656,0.0028,0.09
0.03833,0.000589,0.0028,0.09
0.04,0.000631,0.0028,0.11
0.04167,0.000765,0.0168,0.13
0.04333,0.001192,0.0168,0.23
0.045,0.001352,0.0112,0.25
0.04667,0.001369,0.0112,0.26
0.04833,0.001366,0.0112,0.25
0.05,0.001345,0.0112,0.24
0.05167,0.001313,0.0112,0.23
0.05333,0.001252,0.0112,0.23
0.055,0.001192,0.0112,0.23
0.05667,0.001171,0.0112,0.24
0.05833,0.001183,0.0112,0.24
0.06,0.001205,0.0112,0.24
0.06167,0.001258,0.0112,0.25
0.06333,0.00133,0.0112,0.27
0.065,0.001416,0.0168,0.28
0.06667,0.001509,0.0168,0.3
0.06833,0.001564,0.0168,0.31
0.07,0.001607,0.0168,0.32
0.07167,0.001657,0.0168,0.33
0.07333,0.001717,0.0252,0.34
0.075,0.002153,0.028,0.43
0.07667,0.002275,0.0224,0.47
0.07833,0.002305,0.0224,0.48
0.08,0.001985,0.0112,0.4
0.08167,0.001728,0.0112,0.34
0.08333,0.001693,0.0168,0.33
0.085,0.001827,0.028,0.36
0.08667,0.002281,0.028,0.45
0.08833,0.002451,0.028,0.5
0.09,0.002465,0.0224,0.5
0.09167,0.00244,0.0224,0.49
0.09333,0.002433,0.0224,0.48
0.095,0.002438,0.0224,0.47
0.09667,0.002452,0.0224,0.48
0.09833,0.002477,0.0224,0.49
0.1,0.00252,0.0224,0.5
0.10167,0.002581,0.028,0.51
0.10333,0.002638,0.028,0.51
0.105,0.002669,0.028,0.52
0.10667,0.002691,0.028,0.52
0.10833,0.00271,0.028,0.52
0.11,0.002729,0.028,0.53
0.11167,0.002766,0.028,0.54
0.11333,0.002841,0.028,0.54
0.115,0.002914,0.0308,0.55
0.11667,0.002959,0.0308,0.57
0.11833,0.002999,0.0308,0.58
0.12,0.003311,0.042,0.65
0.12167,0.003601,0.0364,0.71
0.12333,0.003646,0.0364,0.72
0.125,0.003328,0.0252,0.67
0.12667,0.003057,0.0252,0.61
0.12833,0.002997,0.0308,0.6
0.13,0.003052,0.042,0.61
0.13167,0.003522,0.042,0.72
0.13333,0.003732,0.042,0.75
0.135,0.003762,0.0364,0.76
0.13667,0.003752,0.0364,0.75
0.13833,0.003746,0.0364,0.74
0.14,0.003738,0.0364,0.74
0.14167,0.003743,0.0364,0.73
0.14333,0.003762,0.0364,0.74
0.145,0.003791,0.0364,0.75
0.14667,0.003839,0.0364,0.76
0.14833,0.003895,0.0364,0.78
0.15,0.003991,0.042,0.78
0.15167,0.004025,0.042,0.78
0.15333,0.003973,0.042,0.78
0.155,0.004004,0.042,0.79
0.15667,0.004035,0.042,0.8
0.15833,0.004069,0.042,0.81
0.16,0.004113,0.042,0.82
0.16167,0.004172,0.042,0.83
0.16333,0.004254,0.0448,0.85
0.165,0.004567,0.0532,0.91
0.16667,0.004849,0.0532,0.98
0.16833,0.00487,0.0476,0.98
0.17,0.004802,0.0392,0.96
0.17167,0.004396,0.0392,0.87
0.17333,0.004231,0.0392,0.84
0.175,0.004252,0.0504,0.84
0.17667,0.0047,0.056,0.94
0.17833,0.004979,0.056,1
0.18,0.005046,0.0504,1.02
0.18167,0.005054,0.0504,1.01
0.18333,0.005051,0.0504,1.01
0.185,0.005054,0.0504,1
0.18667,0.005057,0.0504,1
0.18833,0.0051,0.0504,1
0.19,0.005092,0.0504,1.01
0.19167,0.005139,0.0504,1.02
0.19333,0.005182,0.0504,1.02
0.195,0.005249,0.056,1.04
0.19667,0.005304,0.056,1.05
0.19833,0.005334,0.056,1.06
0.2,0.005352,0.056,1.06
0.20167,0.005366,0.056,1.05
0.20333,0.005389,0.056,1.06
0.205,0.005421,0.056,1.06
0.20667,0.005459,0.056,1.07
0.20833,0.005524,0.0588,1.09
0.21,0.005884,0.0672,1.18
0.21167,0.006119,0.0672,1.23
0.21333,0.00613,0.0616,1.22
0.215,0.005974,0.0532,1.19
0.21667,0.005618,0.0532,1.11
0.21833,0.005514,0.0532,1.09
0.22,0.005581,0.07,1.11
0.22167,0.006055,0.07,1.22
0.22333,0.006265,0.0644,1.25
0.225,0.00633,0.0644,1.26
0.22667,0.006302,0.0644,1.26
0.22833,0.006264,0.0644,1.26
0.23,0.006361,0.0644,1.26
0.23167,0.006354,0.0644,1.26
0.23333,0.006356,0.0644,1.26
0.235,0.006375,0.0644,1.26
0.23667,0.006399,0.0644,1.27
0.23833,0.006438,0.0644,1.28
0.24,0.006495,0.0644,1.3
0.24167,0.006567,0.07,1.31
0.24333,0.006632,0.07,1.32
0.245,0.006667,0.07,1.33
0.24667,0.006696,0.07,1.33
0.24833,0.006722,0.07,1.33
0.25,0.006758,0.07,1.35
0.25167,0.006808,0.0728,1.35
0.25333,0.007191,0.0812,1.44
0.255,0.007419,0.0756,1.5
0.25667,0.007381,0.0644,1.5
0.25833,0.006937,0.0644,1.41
0.26,0.006758,0.07,1.37
0.26167,0.006734,0.07,1.36
0.26333,0.006994,0.0812,1.41
0.265,0.007345,0.0812,1.5
0.26667,0.007483,0.0812,1.52
0.26833,0.007463,0.0756,1.51
0.27,0.007429,0.0756,1.51
0.27167,0.007414,0.0756,1.5
0.27333,0.007416,0.0756,1.49
0.275,0.007424,0.0756,1.49
0.27667,0.00745,0.0756,1.5
0.27833,0.007494,0.0756,1.51
0.28,0.007575,0.0812,1.53
0.28167,0.007641,0.0812,1.53
0.28333,0.007671,0.0812,1.54
0.285,0.007696,0.0812,1.55
0.28667,0.007712,0.0812,1.55
0.28833,0.007744,0.0812,1.55
0.29,0.007778,0.0812,1.56
0.29167,0.007824,0.0812,1.57
0.29333,0.007892,0.084,1.59
0.295,0.007947,0.084,1.59
0.29667,0.008006,0.0925,1.61
0.29833,0.008445,0.0953,1.71
0.3,0.00861,0.0897,1.74
0.30167,0.008555,0.0784,1.73
0.30333,0.008132,0.0784,1.64
0.305,0.007975,0.0784,1.61
0.30667,0.007984,0.084,1.62
0.30833,0.008333,0.0953,1.68
0.31,0.008629,0.0953,1.74
0.31167,0.008698,0.0897,1.76
0.31333,0.008714,0.0897,1.76
0.315,0.008723,0.0897,1.75
0.31667,0.00872,0.0897,1.76
0.31833,0.008728,0.0897,1.76
0.32,0.008754,0.0897,1.76
0.32167,0.008772,0.0897,1.76
0.32333,0.008813,0.0897,1.77
0.325,0.008874,0.0897,1.79
0.32667,0.008928,0.0953,1.8
0.32833,0.008979,0.0953,1.8
0.33,0.008983,0.0953,1.8
0.33167,0.009008,0.0953,1.81
0.33333,0.009035,0.0953,1.81
0.335,0.009062,0.0953,1.82
0.33667,0.009101,0.0953,1.83
0.33833,0.009156,0.0981,1.83
0.34,0.009339,0.1065,1.87
0.34167,0.009705,0.1065,1.95
0.34333,0.009782,0.1009,1.97
0.345,0.009745,0.1009,1.97
0.34667,0.00949,0.0925,1.91
0.34833,0.009242,0.0925,1.86
0.35,0.009203,0.0981,1.85
0.35167,0.009334,0.1093,1.88
0.35333,0.009788,0.1093,1.98
0.355,0.009943,0.1037,2.01
0.35667,0.009997,0.1037,2.02
0.35833,0.01001,0.1037,2.03
0.36,0.010012,0.1037,2.02
0.36167,0.010008,0.1037,2.01
0.36333,0.010004,0.1037,2.02
0.365,0.010017,0.1037,2.02
0.36667,0.010037,0.1037,2.02
0.36833,0.010071,0.1037,2.02
0.37,0.010118,0.1037,2.04
0.37167,0.010185,0.1093,2.05
0.37333,0.010243,0.1093,2.06
0.375,0.010273,0.1093,2.07
0.37667,0.010288,0.1093,2.07
0.37833,0.010299,0.1093,2.08
0.38,0.010324,0.1093,2.08
0.38167,0.010355,0.1093,2.09
0.38333,0.0104,0.1093,2.1
0.385,0.010589,0.1205,2.14
0.38667,0.011002,0.1205,2.23
0.38833,0.011092,0.1149,2.25
0.39,0.010815,0.1065,2.2
0.39167,0.0105,0.1065,2.13
0.39333,0.010419,0.1065,2.1
0.395,0.010487,0.1205,2.11
0.39667,0.010967,0.1205,2.21
0.39833,0.0112,0.1205,2.27
0.4,0.011251,0.1205,2.28
0.40167,0.011202,0.1149,2.26
0.40333,0.011151,0.1149,2.25
0.405,0.011129,0.1149,2.25
0.40667,0.011129,0.1149,2.26
0.40833,0.011154,0.1149,2.26
0.41,0.011208,0.1149,2.26
0.41167,0.011279,0.1205,2.28
0.41333,0.011311,0.1205,2.28
0.415,0.01134,0.1205,2.29
0.41667,0.011359,0.1205,2.29
0.41833,0.011385,0.1205,2.3
0.42,0.011414,0.1205,2.3
0.42167,0.011446,0.1205,2.31
0.42333,0.011497,0.1205,2.32
0.425,0.011562,0.1233,2.33
0.42667,0.011611,0.1233,2.34
0.42833,0.011662,0.1233,2.35
0.43,0.012004,0.1345,2.43
0.43167,0.012247,0.1289,2.49
0.43333,0.012272,0.1261,2.49
0.435,0.011934,0.1205,2.41
0.43667,0.011703,0.1205,2.36
0.43833,0.011652,0.1205,2.35
0.44,0.011723,0.1317,2.36
0.44167,0.012155,0.1345,2.46
0.44333,0.012383,0.1345,2.5
0.445,0.012432,0.1289,2.52
0.44667,0.012419,0.1289,2.51
0.44833,0.012415,0.1289,2.5
0.45,0.012416,0.1289,2.5
0.45167,0.012428,0.1289,2.5
0.45333,0.012454,0.1289,2.51
0.455,0.012499,0.1289,2.52
0.45667,0.012566,0.1345,2.52
0.45833,0.012609,0.1345,2.54
0.46,0.012614,0.1345,2.54
0.46167,0.012625,0.1345,2.54
0.46333,0.012622,0.1345,2.54
0.465,0.012644,0.1345,2.55
0.46667,0.012658,0.1345,2.55
0.46833,0.012688,0.1345,2.56
0.47,0.012746,0.1345,2.57
0.47167,0.012815,0.1373,2.59
0.47333,0.013151,0.1457,2.66
0.475,0.013433,0.1457,2.72
0.47667,0.013445,0.1401,2.72
0.47833,0.013125,0.1317,2.65
0.48,0.012865,0.1317,2.6
0.48167,0.012824,0.1373,2.59
0.48333,0.013016,0.1485,2.63
0.485,0.013432,0.1485,2.72
0.48667,0.013557,0.1429,2.74
0.48833,0.013598,0.1429,2.75
0.49,0.013609,0.1429,2.75
0.49167,0.013605,0.1429,2.75
0.49333,0.013601,0.1429,2.75
0.495,0.013604,0.1429,2.75
0.49667,0.013616,0.1429,2.75
0.49833,0.013642,0.1429,2.75
0.5,0.01369,0.1429,2.77
0.50167,0.013748,0.1429,2.78
0.50333,0.013829,0.1485,2.8
0.505,0.013889,0.1485,2.8
0.50667,0.013909,0.1485,2.81
0.50833,0.01393,0.1485,2.81
0.51,0.013943,0.1485,2.82
0.51167,0.01397,0.1485,2.82
0.51333,0.014007,0.1485,2.82
0.515,0.014076,0.1597,2.84
0.51667,0.014544,0.1597,2.94
0.51833,0.014719,0.1541,2.98
0.52,0.014621,0.1457,2.96
0.52167,0.014196,0.1457,2.87
0.52333,0.014035,0.1457,2.84
0.525,0.014037,0.1513,2.84
0.52667,0.01441,0.1597,2.92
0.52833,0.014707,0.1597,2.98
0.53,0.014785,0.1597,3
0.53167,0.014765,0.1541,2.99
0.53333,0.014744,0.1541,2.99
0.535,0.014736,0.1541,2.97
0.53667,0.014747,0.1541,2.98
0.53833,0.014774,0.1541,2.98
0.54,0.014821,0.1541,2.99
0.54167,0.014882,0.1597,3
0.54333,0.014914,0.1597,3.01
0.545,0.014943,0.1597,3.01
0.54667,0.014961,0.1597,3.01
0.54833,0.014979,0.1597,3.01
0.55,0.015003,0.1597,3.03
0.55167,0.015047,0.1597,3.03
0.55333,0.015102,0.1597,3.04
0.555,0.015162,0.1625,3.06
0.55667,0.015219,0.1625,3.08
0.55833,0.01529,0.1737,3.08
0.56,0.015733,0.1737,3.18
0.56167,0.015877,0.1681,3.22
0.56333,0.015795,0.1569,3.2
0.565,0.015402,0.1569,3.12
0.56667,0.015273,0.1625,3.09
0.56833,0.015279,0.1625,3.09
0.57,0.015492,0.1737,3.13
0.57167,0.015876,0.1737,3.21
0.57333,0.015983,0.1681,3.24
0.575,0.015985,0.1681,3.23
0.57667,0.015985,0.1681,3.23
0.57833,0.015987,0.1681,3.22
0.58,0.015984,0.1681,3.21
0.58167,0.015992,0.1681,3.22
0.58333,0.016012,0.1681,3.23
0.585,0.01605,0.1681,3.24
0.58667,0.016103,0.1681,3.26
0.58833,0.016172,0.1737,3.26
0.59,0.016208,0.1737,3.27
0.59167,0.016223,0.1737,3.27
0.59333,0.016235,0.1737,3.28
0.595,0.016248,0.1737,3.28
0.59667,0.016281,0.1737,3.28
0.59833,0.016314,0.1737,3.29
0.6,0.016359,0.1737,3.3
0.60167,0.01643,0.1765,3.31
0.60333,0.016587,0.1849,3.34
0.605,0.016982,0.1849,3.43
0.60667,0.017074,0.1793,3.46
0.60833,0.017022,0.1709,3.44
0.61,0.016636,0.1709,3.36
0.61167,0.016446,0.1709,3.32
0.61333,0.016448,0.1765,3.32
0.615,0.016774,0.1877,3.38
0.61667,0.017105,0.1877,3.46
0.61833,0.017224,0.1821,3.47
0.62,0.017261,0.1821,3.47
0.62167,0.017256,0.1821,3.47
0.62333,0.017245,0.1821,3.48
0.625,0.017247,0.1821,3.47
0.62667,0.017259,0.1821,3.48
0.62833,0.017277,0.1821,3.48
0.63,0.017311,0.1821,3.49
0.63167,0.017354,0.1821,3.5
0.63333,0.017416,0.1877,3.52
0.635,0.017468,0.1877,3.53
0.63667,0.017494,0.1877,3.54
0.63833,0.017507,0.1877,3.54
0.64,0.017515,0.1877,3.54
0.64167,0.017528,0.1877,3.54
0.64333,0.01755,0.1877,3.55
0.645,0.017581,0.1877,3.55
0.64667,0.017637,0.1905,3.56
0.64833,0.018042,0.1989,3.64
0.65,0.018307,0.1989,3.7
0.65167,0.018301,0.1849,3.7
0.65333,0.017881,0.1849,3.62
0.655,0.017688,0.1849,3.57
0.65667,0.017658,0.1905,3.57
0.65833,0.017817,0.1989,3.61
0.66,0.018259,0.1989,3.71
0.66167,0.018441,0.1989,3.74
0.66333,0.018466,0.1989,3.75
0.665,0.018406,0.1933,3.74
0.66667,0.018344,0.1933,3.73
0.66833,0.018321,0.1933,3.72
0.67,0.018328,0.1933,3.72
0.67167,0.018366,0.1933,3.73
0.67333,0.018421,0.1989,3.74
0.675,0.018457,0.1989,3.74
0.67667,0.01848,0.1989,3.74
0.67833,0.018498,0.1989,3.74
0.68,0.018519,0.1989,3.73
0.68167,0.018545,0.1989,3.74
0.68333,0.018583,0.1989,3.76
0.685,0.018643,0.1989,3.76
0.68667,0.018709,0.2017,3.77
0.68833,0.01876,0.2017,3.79
0.69,0.018815,0.2017,3.81
0.69167,0.019159,0.2129,3.88
0.69333,0.019405,0.2073,3.93
0.695,0.019445,0.2045,3.94
0.69667,0.019144,0.1989,3.88
0.69833,0.018815,0.1989,3.82
0.7,0.018782,0.1989,3.81
0.70167,0.018868,0.2101,3.82
0.70333,0.019306,0.2129,3.91
0.705,0.019551,0.2129,3.97
0.70667,0.019609,0.2073,3.98
0.70833,0.01959,0.2073,3.97
0.71,0.019578,0.2073,3.96
0.71167,0.019578,0.2073,3.96
0.71333,0.019586,0.2073,3.97
0.715,0.019605,0.2073,3.97
0.71667,0.019641,0.2073,3.98
0.71833,0.019697,0.2129,3.99
0.72,0.019761,0.2129,4
0.72167,0.019797,0.2129,4
0.72333,0.019801,0.2129,4.01
0.725,0.019817,0.2129,4.01
0.72667,0.019832,0.2129,4.01
0.72833,0.019856,0.2129,4.01
0.73,0.019897,0.2129,4.03
0.73167,0.019957,0.2129,4.03
0.73333,0.020016,0.2241,4.05
0.735,0.020486,0.2241,4.15
0.73667,0.020653,0.2185,4.18
0.73833,0.020605,0.2185,4.17
0.74,0.020413,0.2101,4.13
0.74167,0.020084,0.2101,4.07
0.74333,0.019999,0.2101,4.04
0.745,0.020079,0.2269,4.06
0.74667,0.02057,0.2269,4.16
0.74833,0.020779,0.2269,4.21
0.75,0.02082,0.2213,4.21
0.75167,0.020814,0.2213,4.2
0.75333,0.020803,0.2213,4.21
0.755,0.020787,0.2213,4.21
0.75667,0.020792,0.2213,4.2
0.75833,0.020801,0.2213,4.2
0.76,0.020827,0.2213,4.21
0.76167,0.020854,0.2213,4.22
0.76333,0.020908,0.2213,4.23
0.765,0.020979,0.2269,4.24
0.76667,0.02104,0.2269,4.25
0.76833,0.021083,0.2269,4.26
0.77,0.021113,0.2269,4.27
0.77167,0.021124,0.2269,4.26
0.77333,0.021148,0.2269,4.27
0.775,0.021178,0.2269,4.28
0.77667,0.021234,0.2297,4.29
0.77833,0.021532,0.2381,4.35
0.78,0.021835,0.2381,4.42
0.78167,0.021876,0.2325,4.43
0.78333,0.021695,0.2241,4.4
0.785,0.021327,0.2241,4.31
0.78667,0.021213,0.2241,4.28
0.78833,0.021258,0.2353,4.3
0.79,0.021718,0.2381,4.4
0.79167,0.022,0.2381,4.47
0.79333,0.022086,0.2381,4.49
0.795,0.022064,0.2381,4.48
0.79667,0.021984,0.2325,4.46
0.79833,0.021936,0.2325,4.43
0.8,0.021915,0.2325,4.43
0.80167,0.02194,0.2325,4.43
0.80333,0.02199,0.2325,4.44
0.805,0.022057,0.2381,4.46
0.80667,0.022098,0.2381,4.46
0.80833,0.022134,0.2381,4.48
0.81,0.022172,0.2381,4.49
0.81167,0.022209,0.2381,4.49
0.81333,0.022259,0.2381,4.5
0.815,0.022339,0.2409,4.51
0.81667,0.022389,0.2409,4.53
0.81833,0.022436,0.2409,4.53
0.82,0.022627,0.2493,4.57
0.82167,0.022967,0.2493,4.64
0.82333,0.023047,0.2493,4.66
0.825,0.022984,0.2437,4.65
0.82667,0.022645,0.2353,4.57
0.82833,0.022429,0.2353,4.54
0.83,0.022411,0.2409,4.53
0.83167,0.022634,0.2521,4.57
0.83333,0.023035,0.2521,4.66
0.835,0.023173,0.2521,4.69
0.83667,0.023176,0.2465,4.69
0.83833,0.023167,0.2465,4.67
0.84,0.023162,0.2465,4.68
0.84167,0.023163,0.2465,4.67
0.84333,0.023174,0.2465,4.67
0.845,0.0232,0.2465,4.68
0.84667,0.023237,0.2465,4.69
0.84833,0.023305,0.2521,4.7
0.85,0.023362,0.2521,4.71
0.85167,0.023382,0.2521,4.72
0.85333,0.023396,0.2521,4.72
0.855,0.023404,0.2521,4.72
0.85667,0.023419,0.2521,4.72
0.85833,0.023436,0.2521,4.72
0.86,0.023464,0.2521,4.73
0.86167,0.023512,0.2521,4.75
0.86333,0.02358,0.2549,4.76
0.865,0.023702,0.2633,4.78
0.86667,0.024135,0.2633,4.88
0.86833,0.024267,0.2633,4.91
0.87,0.024216,0.2493,4.89
0.87167,0.023831,0.2493,4.81
0.87333,0.023663,0.2493,4.78
0.875,0.023659,0.2549,4.78
0.87667,0.023804,0.2661,4.81
0.87833,0.024259,0.2661,4.91
0.88,0.024423,0.2661,4.94
0.88167,0.024439,0.2605,4.94
0.88333,0.024427,0.2605,4.93
0.885,0.024419,0.2605,4.93
0.88667,0.024409,0.2605,4.93
0.88833,0.024418,0.2605,4.94
0.89,0.024434,0.2605,4.94
0.89167,0.024452,0.2605,4.94
0.89333,0.024488,0.2605,4.94
0.895,0.024544,0.2605,4.96
0.89667,0.024615,0.2661,4.97
0.89833,0.024656,0.2661,4.97
0.9,0.024675,0.2661,4.98
0.90167,0.024696,0.2661,4.98
0.90333,0.024718,0.2661,4.99
0.905,0.024745,0.2661,4.99
0.90667,0.02478,0.2661,5
0.90833,0.024834,0.2661,5.01
0.91,0.025043,0.2774,5.05
0.91167,0.025403,0.2774,5.13
0.91333,0.025479,0.2718,5.15
0.915,0.025449,0.2718,5.14
0.91667,0.025201,0.2633,5.08
0.91833,0.024947,0.2633,5.03
0.92,0.024904,0.2689,5.02
0.92167,0.024971,0.2774,5.04
0.92333,0.025429,0.2802,5.14
0.925,0.025666,0.2802,5.2
0.92667,0.025703,0.2746,5.2
0.92833,0.025697,0.2746,5.19
0.93,0.025684,0.2746,5.18
0.93167,0.02567,0.2746,5.18
0.93333,0.025667,0.2746,5.18
0.935,0.02568,0.2746,5.18
0.93667,0.02569,0.2746,5.19
0.93833,0.025723,0.2746,5.19
0.94,0.02577,0.2746,5.2
0.94167,0.025831,0.2746,5.21
0.94333,0.025905,0.2802,5.22
0.945,0.025941,0.2802,5.23
0.94667,0.025963,0.2802,5.23
0.94833,0.02598,0.2802,5.24
0.95,0.026008,0.2802,5.24
0.95167,0.026032,0.2802,5.24
0.95333,0.026076,0.2802,5.26
0.955,0.026148,0.2858,5.27
0.95667,0.026517,0.2914,5.34
0.95833,0.026717,0.2858,5.4
0.96,0.026715,0.2858,5.39
0.96167,0.02654,0.2774,5.35
0.96333,0.026213,0.2774,5.28
0.965,0.02612,0.2774,5.27
0.96667,0.026167,0.2858,5.28
0.96833,0.026601,0.2942,5.38
0.97,0.026873,0.2942,5.43
0.97167,0.026931,0.2886,5.44
0.97333,0.02693,0.2886,5.43
0.975,0.026909,0.2886,5.42
0.97667,0.026886,0.2886,5.42
0.97833,0.026873,0.2886,5.41
0.98,0.026869,0.2886,5.42
0.98167,0.026872,0.2886,5.42
0.98333,0.026898,0.2886,5.43
0.985,0.026931,0.2886,5.43
0.98667,0.026964,0.2886,5.44
0.98833,0.027022,0.2886,5.45
0.99,0.027117,0.2942,5.47
0.99167,0.02719,0.2942,5.48
0.99333,0.02722,0.2942,5.49
0.995,0.027267,0.2942,5.5
0.99667,0.027312,0.2942,5.51
0.99833,0.027361,0.297,5.52
1,0.027696,0.3054,5.59
1.00167,0.027947,0.2998,5.65
1.00333,0.027972,0.2998,5.65
1.005,0.027676,0.2886,5.58
1.00667,0.027411,0.2886,5.53
1.00833,0.027342,0.2942,5.51
1.01,0.027403,0.3054,5.53
1.01167,0.027884,0.3054,5.63
1.01333,0.028048,0.3054,5.67
1.015,0.028086,0.2998,5.68
1.01667,0.028066,0.2998,5.67
1.01833,0.028042,0.2998,5.66
1.02,0.02805,0.2998,5.66
1.02167,0.028064,0.2998,5.65
1.02333,0.028083,0.2998,5.65
1.025,0.028135,0.2998,5.66
1.02667,0.028203,0.3054,5.68
1.02833,0.028246,0.3054,5.68
1.03,0.02825,0.3054,5.68
1.03167,0.02827,0.3054,5.68
1.03333,0.028281,0.3054,5.69
1.035,0.028301,0.3054,5.69
1.03667,0.028326,0.3054,5.69
1.03833,0.028376,0.3054,5.71
1.04,0.02843,0.3082,5.72
1.04167,0.028499,0.3082,5.74
1.04333,0.028552,0.3082,5.74
1.045,0.028889,0.3194,5.82
1.04667,0.02912,0.3138,5.87
1.04833,0.02913,0.3138,5.88
1.05,0.028878,0.3026,5.82
1.05167,0.028614,0.3026,5.77
1.05333,0.028563,0.3082,5.74
1.055,0.028602,0.311,5.76
1.05667,0.028998,0.3194,5.85
1.05833,0.029269,0.3194,5.9
1.06,0.02931,0.3138,5.91
1.06167,0.029313,0.3138,5.91
1.06333,0.029308,0.3138,5.9
1.065,0.029312,0.3138,5.9
1.06667,0.029315,0.3138,5.9
1.06833,0.029318,0.3138,5.91
1.07,0.029365,0.3138,5.91
1.07167,0.029405,0.3138,5.92
1.07333,0.029465,0.3194,5.93
1.075,0.029523,0.3194,5.94
1.07667,0.029542,0.3194,5.94
1.07833,0.029552,0.3194,5.94
1.08,0.029568,0.3194,5.95
1.08167,0.029583,0.3194,5.95
1.08333,0.029618,0.3194,5.96
1.085,0.029671,0.3194,5.97
1.08667,0.029739,0.3222,5.98
1.08833,0.029794,0.3222,5.99
1.09,0.030005,0.3334,6.03
1.09167,0.030365,0.3278,6.11
1.09333,0.03044,0.3278,6.13
1.095,0.030197,0.3166,6.08
1.09667,0.029889,0.3166,6.02
1.09833,0.029813,0.3222,6
1.1,0.029848,0.3222,6.01
1.10167,0.03019,0.3334,6.08
1.10333,0.030502,0.3334,6.15
1.105,0.030544,0.3278,6.16
1.10667,0.030562,0.3278,6.17
1.10833,0.030541,0.3278,6.15
1.11,0.030522,0.3278,6.14
1.11167,0.030511,0.3278,6.14
1.11333,0.030496,0.3278,6.14
1.115,0.030515,0.3278,6.14
1.11667,0.030543,0.3278,6.16
1.11833,0.030623,0.3278,6.16
1.12,0.030698,0.3334,6.17
1.12167,0.030737,0.3334,6.18
1.12333,0.030773,0.3334,6.19
1.125,0.030783,0.3334,6.19
1.12667,0.030797,0.3334,6.19
1.12833,0.030812,0.3334,6.2
1.13,0.030845,0.3334,6.2
1.13167,0.03089,0.3334,6.21
1.13333,0.030965,0.3362,6.23
1.135,0.031016,0.3362,6.24
1.13667,0.031341,0.3446,6.3
1.13833,0.031648,0.3446,6.37
1.14,0.031684,0.339,6.39
1.14167,0.031377,0.3306,6.32
1.14333,0.031074,0.3306,6.26
1.145,0.030993,0.3362,6.25
1.14667,0.03107,0.3418,6.25
1.14833,0.03149,0.3474,6.34
1.15,0.031739,0.3474,6.39
1.15167,0.031797,0.3418,6.4
1.15333,0.031799,0.3418,6.4
1.155,0.0318,0.3418,6.39
1.15667,0.031792,0.3418,6.39
1.15833,0.031771,0.3418,6.39
1.16,0.031783,0.3418,6.39
1.16167,0.031801,0.3418,6.39
1.16333,0.031839,0.3418,6.4
1.165,0.031879,0.3418,6.41
1.16667,0.031952,0.3474,6.43
1.16833,0.032027,0.3474,6.44
1.17,0.032073,0.3474,6.44
1.17167,0.032103,0.3474,6.45
1.17333,0.032122,0.3474,6.45
1.175,0.032151,0.3474,6.46
1.17667,0.032195,0.3474,6.46
1.17833,0.032297,0.3586,6.49
1.18,0.032737,0.3586,6.59
1.18167,0.032859,0.353,6.62
1.18333,0.03278,0.3446,6.6
1.185,0.032387,0.3446,6.52
1.18667,0.032215,0.3446,6.48
1.18833,0.032225,0.3502,6.48
1.19,0.032525,0.3586,6.54
1.19167,0.032875,0.3586,6.62
1.19333,0.033011,0.3586,6.64
1.195,0.033009,0.3586,6.65
1.19667,0.032947,0.353,6.63
1.19833,0.032921,0.353,6.61
1.2,0.032915,0.353,6.61
1.20167,0.032931,0.353,6.62
1.20333,0.032971,0.353,6.62
1.205,0.033033,0.3586,6.64
1.20667,0.033082,0.3586,6.65
1.20833,0.033108,0.3586,6.65
1.21,0.033122,0.3586,6.65
1.21167,0.033138,0.3586,6.65
1.21333,0.033151,0.3586,6.67
1.215,0.033187,0.3586,6.68
1.21667,0.033254,0.3586,6.68
1.21833,0.033288,0.3614,6.69
1.22,0.033346,0.3614,6.7
1.22167,0.033393,0.3698,6.71
1.22333,0.033825,0.3726,6.8
1.225,0.034015,0.367,6.84
1.22667,0.034004,0.3558,6.84
1.22833,0.033609,0.3558,6.75
1.23,0.033431,0.3614,6.7
1.23167,0.033437,0.3614,6.71
1.23333,0.033598,0.3726,6.74
1.235,0.034033,0.3726,6.83
1.23667,0.034174,0.3726,6.87
1.23833,0.034178,0.367,6.86
1.24,0.034158,0.367,6.85
1.24167,0.034157,0.367,6.85
1.24333,0.034151,0.367,6.85
1.245,0.034152,0.367,6.85
1.24667,0.034155,0.367,6.86
1.24833,0.034188,0.367,6.86
1.25,0.034241,0.367,6.88
1.25167,0.034314,0.3726,6.89
1.25333,0.034369,0.3726,6.9
1.255,0.034402,0.3726,6.9
1.25667,0.034439,0.3726,6.89
1.25833,0.034437,0.3726,6.9
1.26,0.034455,0.3726,6.91
1.26167,0.034501,0.3726,6.92
1.26333,0.034568,0.3754,6.93
1.265,0.034683,0.3838,6.95
1.26667,0.035102,0.3838,7.04
1.26833,0.035218,0.3782,7.07
1.27,0.035188,0.3782,7.06
1.27167,0.034911,0.3698,7
1.27333,0.034638,0.3698,6.95
1.275,0.034584,0.3754,6.93
1.27667,0.034699,0.3866,6.96
1.27833,0.035167,0.3866,7.06
1.28,0.035353,0.381,7.1
1.28167,0.035405,0.381,7.1
1.28333,0.035421,0.381,7.09
1.285,0.03542,0.381,7.1
1.28667,0.035417,0.381,7.1
1.28833,0.03542,0.381,7.1
1.29,0.035432,0.381,7.1
1.29167,0.035455,0.381,7.1
1.29333,0.035488,0.381,7.11
1.295,0.035543,0.381,7.12
1.29667,0.035619,0.3866,7.14
1.29833,0.035673,0.3866,7.15
1.3,0.035717,0.3866,7.15
1.30167,0.035713,0.3866,7.15
1.30333,0.035723,0.3866,7.15
1.305,0.035743,0.3866,7.15
1.30667,0.035774,0.3866,7.17
1.30833,0.035827,0.3894,7.17
1.31,0.036157,0.3978,7.24
1.31167,0.036436,0.3978,7.3
1.31333,0.036466,0.3922,7.31
1.315,0.036186,0.3838,7.26
1.31667,0.035902,0.3838,7.19
1.31833,0.035827,0.3838,7.17
1.32,0.035877,0.3894,7.18
1.32167,0.036242,0.3978,7.26
1.32333,0.036562,0.3978,7.32
1.325,0.036671,0.3978,7.35
1.32667,0.036662,0.3978,7.35
1.32833,0.036589,0.3922,7.34
1.33,0.036534,0.3922,7.32
1.33167,0.036554,0.3922,7.32
1.33333,0.036602,0.3922,7.32
1.335,0.036577,0.3922,7.33
1.33667,0.036649,0.3978,7.33
1.33833,0.036687,0.3978,7.34
1.34,0.036715,0.3978,7.34
1.34167,0.036741,0.3978,7.35
1.34333,0.036774,0.3978,7.35
1.345,0.03681,0.3978,7.36
1.34667,0.03686,0.3978,7.37
1.34833,0.036925,0.4006,7.38
1.35,0.036974,0.4006,7.38
1.35167,0.037013,0.4006,7.4
1.35333,0.037116,0.4118,7.42
1.355,0.037548,0.4118,7.52
1.35667,0.037667,0.4062,7.55
1.35833,0.037602,0.3978,7.53
1.36,0.037213,0.3978,7.44
1.36167,0.037043,0.3978,7.41
1.36333,0.037025,0.3978,7.4
1.365,0.037152,0.4118,7.43
1.36667,0.037619,0.4118,7.53
1.36833,0.037816,0.4118,7.58
1.37,0.037843,0.4062,7.59
1.37167,0.037819,0.4062,7.57
1.37333,0.037779,0.4062,7.56
1.375,0.037774,0.4062,7.56
1.37667,0.037786,0.4062,7.56
1.37833,0.037813,0.4062,7.56
1.38,0.037851,0.4062,7.57
1.38167,0.037908,0.4118,7.58
1.38333,0.037958,0.4118,7.59
1.385,0.037987,0.4118,7.59
1.38667,0.037999,0.4118,7.6
1.38833,0.038008,0.4118,7.6
1.39,0.038033,0.4118,7.59
1.39167,0.038065,0.4118,7.6
1.39333,0.038097,0.4118,7.61
1.395,0.038162,0.4146,7.62
1.39667,0.038217,0.4146,7.63
1.39833,0.038274,0.4146,7.65
1.4,0.038539,0.4258,7.71
1.40167,0.038855,0.4202,7.78
1.40333,0.038911,0.4202,7.79
1.405,0.038675,0.409,7.74
1.40667,0.038378,0.409,7.68
1.40833,0.038289,0.4146,7.67
1.41,0.03831,0.4146,7.67
1.41167,0.03866,0.4258,7.73
1.41333,0.039009,0.4258,7.8
1.415,0.039079,0.4202,7.82
1.41667,0.039068,0.4202,7.81
1.41833,0.039041,0.4202,7.8
1.42,0.03901,0.4202,7.8
1.42167,0.039024,0.4202,7.79
1.42333,0.039033,0.4202,7.8
1.425,0.039051,0.4202,7.81
1.42667,0.039105,0.4202,7.81
1.42833,0.039152,0.4258,7.82
1.43,0.039209,0.4258,7.83
1.43167,0.03924,0.4258,7.84
1.43333,0.039246,0.4258,7.84
1.435,0.039272,0.4258,7.84
1.43667,0.039298,0.4258,7.84
1.43833,0.03933,0.4258,7.85
1.44,0.039386,0.4258,7.84
1.44167,0.039454,0.4342,7.87
1.44333,0.039856,0.437,7.96
1.445,0.040024,0.4314,8
1.44667,0.040032,0.4314,8
1.44833,0.039983,0.4286,7.98
1.45,0.039657,0.423,7.91
1.45167,0.039457,0.423,7.88
1.45333,0.039424,0.4286,7.87
1.455,0.039679,0.4398,7.92
1.45667,0.040124,0.4398,8.02
1.45833,0.040283,0.4342,8.06
1.46,0.040293,0.4342,8.05
1.46167,0.04029,0.4342,8.04
1.46333,0.040278,0.4342,8.03
1.465,0.040275,0.4342,8.05
1.46667,0.040284,0.4342,8.04
1.46833,0.040296,0.4342,8.05
1.47,0.040318,0.4342,8.05
1.47167,0.040347,0.4342,8.06
1.47333,0.040396,0.4342,8.07
1.475,0.040469,0.4398,8.08
1.47667,0.04052,0.4398,8.09
1.47833,0.040544,0.4398,8.1
1.48,0.040567,0.4398,8.1
1.48167,0.040605,0.4398,8.1
1.48333,0.040599,0.4398,8.1
1.485,0.040644,0.4398,8.11
1.48667,0.040705,0.4426,8.11
1.48833,0.040938,0.4511,8.17
1.49,0.041249,0.4511,8.23
1.49167,0.041295,0.4454,8.24
1.49333,0.041253,0.4454,8.23
1.495,0.040995,0.437,8.18
1.49667,0.040777,0.437,8.14
1.49833,0.040745,0.4426,8.13
1.5,0.040839,0.4539,8.15
1.50167,0.041301,0.4539,8.26
1.50333,0.041503,0.4483,8.29
1.505,0.041533,0.4483,8.3
1.50667,0.041536,0.4483,8.29
1.50833,0.041525,0.4483,8.28
1.51,0.041512,0.4483,8.28
1.51167,0.041509,0.4483,8.28
1.51333,0.041509,0.4483,8.27
1.515,0.041525,0.4483,8.28
1.51667,0.041547,0.4483,8.29
1.51833,0.041587,0.4483,8.29
1.52,0.041641,0.4483,8.3
1.52167,0.041704,0.4539,8.32
1.52333,0.041766,0.4539,8.33
1.525,0.041795,0.4539,8.33
1.52667,0.041822,0.4539,8.34
1.52833,0.041853,0.4539,8.34
1.53,0.041878,0.4539,8.35
1.53167,0.041918,0.4539,8.37
1.53333,0.042174,0.4651,8.41
1.535,0.042562,0.4651,8.5
1.53667,0.042627,0.4595,8.51
1.53833,0.042422,0.4511,8.47
1.54,0.042072,0.4511,8.4
1.54167,0.041963,0.4511,8.37
1.54333,0.041991,0.4567,8.37
1.545,0.042283,0.4679,8.44
1.54667,0.042653,0.4679,8.51
1.54833,0.042766,0.4623,8.53
1.55,0.042796,0.4623,8.54
1.55167,0.042782,0.4623,8.53
1.55333,0.042755,0.4623,8.52
1.555,0.04273,0.4623,8.51
1.55667,0.042708,0.4623,8.52
1.55833,0.042704,0.4623,8.51
1.56,0.042714,0.4623,8.51
1.56167,0.042723,0.4623,8.5
1.56333,0.04275,0.4623,8.52
1.565,0.04279,0.4623,8.53
1.56667,0.042839,0.4623,8.54
1.56833,0.042934,0.4623,8.56
1.57,0.043039,0.4679,8.57
1.57167,0.043091,0.4679,8.58
1.57333,0.04313,0.4679,8.59
1.575,0.043178,0.4679,8.6
1.57667,0.043246,0.4791,8.62
1.57833,0.043665,0.4791,8.72
1.58,0.043812,0.4735,8.75
1.58167,0.043791,0.4651,8.74
1.58333,0.043421,0.4651,8.66
1.585,0.043223,0.4651,8.61
1.58667,0.043181,0.4651,8.61
1.58833,0.043254,0.4707,8.62
1.59,0.043639,0.4791,8.7
1.59167,0.043917,0.4791,8.76
1.59333,0.043996,0.4791,8.77
1.595,0.04396,0.4735,8.75
1.59667,0.043925,0.4735,8.74
1.59833,0.043917,0.4735,8.74
1.6,0.043913,0.4735,8.74
1.60167,0.04393,0.4735,8.75
1.60333,0.043957,0.4735,8.75
1.605,0.044008,0.4735,8.77
1.60667,0.044051,0.4791,8.78
1.60833,0.044086,0.4791,8.78
1.61,0.0441,0.4791,8.78
1.61167,0.044108,0.4791,8.79
1.61333,0.044125,0.4791,8.79
1.615,0.044143,0.4791,8.79
1.61667,0.044177,0.4791,8.81
1.61833,0.044232,0.4791,8.81
1.62,0.0443,0.4819,8.82
1.62167,0.044363,0.4819,8.83
1.62333,0.044418,0.4875,8.84
1.625,0.044829,0.4931,8.93
1.62667,0.045018,0.4875,8.97
1.62833,0.045029,0.4847,8.98
1.63,0.044854,0.4791,8.94
1.63167,0.044523,0.4791,8.87
1.63333,0.044403,0.4791,8.84
1.635,0.044419,0.4791,8.84
1.63667,0.04468,0.4931,8.89
1.63833,0.045079,0.4931,8.98
1.64,0.045213,0.4931,9.01
1.64167,0.045182,0.4875,9.01
1.64333,0.045165,0.4875,9
1.645,0.045164,0.4875,8.99
1.64667,0.045168,0.4875,9
1.64833,0.04519,0.4875,8.99
1.65,0.045221,0.4875,9
1.65167,0.045263,0.4875,9.01
1.65333,0.045335,0.4931,9.02
1.655,0.045379,0.4931,9.03
1.65667,0.045401,0.4931,9.04
1.65833,0.04542,0.4931,9.04
1.66,0.045451,0.4931,9.04
1.66167,0.04548,0.4931,9.04
1.66333,0.045518,0.4931,9.05
1.665,0.045583,0.4959,9.07
1.66667,0.045802,0.5043,9.1
1.66833,0.046141,0.5043,9.19
1.67,0.0462,0.4987,9.2
1.67167,0.046161,0.4987,9.18
1.67333,0.045903,0.4903,9.12
1.675,0.045652,0.4903,9.08
1.67667,0.045595,0.4959,9.07
1.67833,0.045684,0.5043,9.09
1.68,0.046133,0.5071,9.18
1.68167,0.04639,0.5071,9.24
1.68333,0.046437,0.5015,9.25
1.685,0.046431,0.5015,9.25
1.68667,0.046413,0.5015,9.23
1.68833,0.046397,0.5015,9.23
1.69,0.046388,0.5015,9.23
1.69167,0.046393,0.5015,9.23
1.69333,0.0464,0.5015,9.23
1.695,0.046419,0.5015,9.23
1.69667,0.046464,0.5015,9.25
1.69833,0.04652,0.5015,9.26
1.7,0.046606,0.5071,9.27
1.70167,0.046652,0.5071,9.28
1.70333,0.046685,0.5071,9.29
1.705,0.046718,0.5071,9.3
1.70667,0.046739,0.5071,9.29
1.70833,0.046783,0.5071,9.3
1.71,0.046844,0.5099,9.32
1.71167,0.047179,0.5183,9.4
1.71333,0.047429,0.5183,9.45
1.715,0.047449,0.5127,9.45
1.71667,0.047378,0.5043,9.43
1.71833,0.046995,0.5043,9.34
1.72,0.046831,0.5043,9.31
1.72167,0.046828,0.5099,9.32
1.72333,0.047024,0.5183,9.36
1.725,0.047456,0.5183,9.45
1.72667,0.047628,0.5183,9.49
1.72833,0.047664,0.5183,9.5
1.73,0.047616,0.5127,9.49
1.73167,0.047554,0.5127,9.47
1.73333,0.047531,0.5127,9.46
1.735,0.047537,0.5127,9.46
1.73667,0.047578,0.5127,9.46
1.73833,0.047645,0.5183,9.48
1.74,0.047695,0.5183,9.48
1.74167,0.04773,0.5183,9.49
1.74333,0.047753,0.5183,9.5
1.745,0.047785,0.5183,9.5
1.74667,0.047839,0.5183,9.51
1.74833,0.047904,0.5211,9.52
1.75,0.047958,0.5211,9.54
1.75167,0.048012,0.5211,9.55
1.75333,0.048129,0.5323,9.57
1.755,0.048533,0.5323,9.66
1.75667,0.04864,0.5267,9.68
1.75833,0.048609,0.5183,9.68
1.76,0.04825,0.5183,9.59
1.76167,0.048032,0.5183,9.55
1.76333,0.047979,0.5183,9.54
1.765,0.048032,0.5239,9.56
1.76667,0.048389,0.5323,9.63
1.76833,0.048705,0.5323,9.7
1.77,0.048797,0.5323,9.72
1.77167,0.048789,0.5267,9.71
1.77333,0.048776,0.5267,9.69
1.775,0.048767,0.5267,9.69
1.77667,0.048768,0.5267,9.7
1.77833,0.04878,0.5267,9.7
1.78,0.048801,0.5267,9.7
1.78167,0.048842,0.5267,9.71
1.78333,0.048908,0.5323,9.72
1.785,0.048962,0.5323,9.73
1.78667,0.048995,0.5323,9.73
1.78833,0.049005,0.5323,9.74
1.79,0.049021,0.5323,9.74
1.79167,0.049044,0.5323,9.74
1.79333,0.049073,0.5323,9.75
1.795,0.04913,0.5323,9.76
1.79667,0.049229,0.5435,9.78
1.79833,0.049636,0.5435,9.88
1.8,0.049782,0.5379,9.91
1.80167,0.049766,0.5379,9.9
1.80333,0.049693,0.5323,9.88
1.805,0.049347,0.5295,9.81
1.80667,0.049163,0.5295,9.77
1.80833,0.049157,0.5351,9.77
1.81,0.049249,0.5463,9.79
1.81167,0.049731,0.5463,9.9
1.81333,0.049949,0.5463,9.94
1.815,0.049996,0.5407,9.95
1.81667,0.050003,0.5407,9.95
1.81833,0.05,0.5407,9.95
1.82,0.049999,0.5407,9.94
1.82167,0.050007,0.5407,9.94
1.82333,0.050014,0.5407,9.94
1.825,0.050018,0.5407,9.94
1.82667,0.050061,0.5407,9.95
1.82833,0.050125,0.5407,9.97
1.83,0.050186,0.5463,9.97
1.83167,0.050207,0.5463,9.98
1.83333,0.050227,0.5463,9.99
1.835,0.050228,0.5463,9.99
1.83667,0.050252,0.5463,9.99
1.83833,0.050282,0.5463,10
1.84,0.050394,0.5463,10
1.84167,0.050427,0.5491,10.01
1.84333,0.050731,0.5575,10.07
1.845,0.051005,0.5575,10.14
1.84667,0.051027,0.5519,10.14
1.84833,0.050968,0.5435,10.13
1.85,0.050632,0.5435,10.06
1.85167,0.050449,0.5435,10.03
1.85333,0.050437,0.5491,10.02
1.855,0.050549,0.5603,10.05
1.85667,0.050992,0.5603,10.14
1.85833,0.051174,0.5547,10.18
1.86,0.051233,0.5547,10.18
1.86167,0.051247,0.5547,10.18
1.86333,0.05125,0.5547,10.18
1.865,0.051241,0.5547,10.18
1.86667,0.051245,0.5547,10.17
1.86833,0.051244,0.5547,10.17
1.87,0.051262,0.5547,10.18
1.87167,0.05129,0.5547,10.19
1.87333,0.051338,0.5547,10.19
1.875,0.051402,0.5547,10.21
1.87667,0.051473,0.5603,10.23
1.87833,0.05152,0.5603,10.23
1.88,0.051561,0.5603,10.23
1.88167,0.051537,0.5603,10.23
1.88333,0.051581,0.5603,10.24
1.885,0.051621,0.5603,10.25
1.88667,0.051679,0.5715,10.25
1.88833,0.052134,0.5715,10.35
1.89,0.052318,0.5659,10.4
1.89167,0.052254,0.5575,10.4
1.89333,0.051831,0.5575,10.3
1.895,0.051609,0.5575,10.26
1.89667,0.051565,0.5575,10.26
1.89833,0.051645,0.5715,10.27
1.9,0.052102,0.5715,10.37
1.90167,0.052362,0.5715,10.42
1.90333,0.052433,0.5715,10.43
1.905,0.052393,0.5659,10.43
1.90667,0.052318,0.5659,10.4
1.90833,0.05228,0.5659,10.38
1.91,0.052262,0.5659,10.39
1.91167,0.052267,0.5659,10.39
1.91333,0.052303,0.5659,10.4
1.915,0.05236,0.5715,10.41
1.91667,0.052438,0.5715,10.44
1.91833,0.052468,0.5715,10.44
1.92,0.05251,0.5715,10.44
1.92167,0.052532,0.5715,10.44
1.92333,0.052576,0.5715,10.45
1.925,0.052627,0.5715,10.46
1.92667,0.052694,0.5743,10.47
1.92833,0.052759,0.5743,10.48
1.93,0.052814,0.5743,10.5
1.93167,0.053085,0.5855,10.56
1.93333,0.053394,0.5799,10.62
1.935,0.053444,0.5799,10.64
1.93667,0.053247,0.5687,10.59
1.93833,0.052923,0.5687,10.53
1.94,0.052837,0.5743,10.5
1.94167,0.052865,0.5743,10.51
1.94333,0.053088,0.5855,10.55
1.945,0.053466,0.5855,10.63
1.94667,0.053584,0.5799,10.66
1.94833,0.053581,0.5799,10.65
1.95,0.053578,0.5799,10.65
1.95167,0.053569,0.5799,10.65
1.95333,0.053564,0.5799,10.63
1.955,0.05357,0.5799,10.64
1.95667,0.053586,0.5799,10.64
1.95833,0.053639,0.5799,10.65
1.96,0.053699,0.5855,10.66
1.96167,0.053761,0.5855,10.67
1.96333,0.053798,0.5855,10.69
1.965,0.053799,0.5855,10.69
1.96667,0.053823,0.5855,10.69
1.96833,0.053837,0.5855,10.69
1.97,0.053861,0.5855,10.7
1.97167,0.053913,0.5855,10.71
1.97333,0.053986,0.5967,10.72
1.975,0.054415,0.5967,10.82
1.97667,0.054595,0.5911,10.85
1.97833,0.054577,0.5911,10.84
1.98,0.054306,0.5827,10.79
1.98167,0.054032,0.5827,10.73
1.98333,0.053944,0.5827,10.72
1.985,0.054033,0.5939,10.74
1.98667,0.054455,0.5995,10.82
1.98833,0.054699,0.5939,10.87
1.99,0.054768,0.5939,10.88
1.99167,0.054781,0.5939,10.88
1.99333,0.054778,0.5939,10.87
1.995,0.054775,0.5939,10.87
1.99667,0.054764,0.5939,10.88
1.99833,0.054774,0.5939,10.88
2,0.054782,0.5939,10.87
2.00167,0.054795,0.5939,10.88
2.00333,0.054833,0.5939,10.89
2.005,0.054886,0.5939,10.9
2.00667,0.054973,0.5995,10.91
2.00833,0.055049,0.5995,10.92
2.01,0.055091,0.5995,10.94
2.01167,0.055122,0.5995,10.94
2.01333,0.055144,0.5995,10.94
2.015,0.055173,0.5995,10.95
2.01667,0.055232,0.6051,10.96
2.01833,0.055635,0.6107,11.05
2.02,0.0558,0.6051,11.09
2.02167,0.055775,0.6023,11.09
2.02333,0.055443,0.5967,11.02
2.025,0.055223,0.5967,10.97
2.02667,0.055179,0.5967,10.95
2.02833,0.055251,0.6051,10.96
2.03,0.055659,0.6107,11.06
2.03167,0.055933,0.6107,11.11
2.03333,0.055998,0.6107,11.12
2.035,0.055959,0.6051,11.12
2.03667,0.055931,0.6051,11.11
2.03833,0.055916,0.6051,11.1
2.04,0.055913,0.6051,11.1
2.04167,0.055935,0.6051,11.1
2.04333,0.055987,0.6051,11.11
2.045,0.056052,0.6107,11.12
2.04667,0.056101,0.6107,11.13
2.04833,0.056124,0.6107,11.14
2.05,0.05614,0.6107,11.15
2.05167,0.056154,0.6107,11.14
2.05333,0.056177,0.6107,11.14
2.055,0.056217,0.6107,11.15
2.05667,0.056268,0.6107,11.17
2.05833,0.056331,0.6135,11.18
2.06,0.056381,0.6135,11.18
2.06167,0.056466,0.6135,11.19
2.06333,0.0568,0.6247,11.27
2.065,0.057055,0.6191,11.31
2.06667,0.057081,0.6191,11.33
2.06833,0.056787,0.6107,11.26
2.07,0.056517,0.6107,11.2
2.07167,0.056428,0.6107,11.19
2.07333,0.056468,0.6163,11.2
2.075,0.05672,0.6247,11.25
2.07667,0.057102,0.6247,11.34
2.07833,0.057232,0.6247,11.37
2.08,0.057222,0.6191,11.36
2.08167,0.057199,0.6191,11.35
2.08333,0.057187,0.6191,11.35
2.085,0.05718,0.6191,11.34
2.08667,0.057191,0.6191,11.34
2.08833,0.057211,0.6191,11.34
2.09,0.057251,0.6191,11.34
2.09167,0.057314,0.6247,11.36
2.09333,0.057354,0.6247,11.37
2.095,0.057372,0.6247,11.38
2.09667,0.057382,0.6247,11.37
2.09833,0.05739,0.6247,11.38
2.1,0.057404,0.6247,11.38
2.10167,0.057426,0.6247,11.38
2.10333,0.057464,0.6247,11.39
2.105,0.057526,0.6247,11.4
2.10667,0.057601,0.6275,11.42
2.10833,0.057781,0.636,11.45
2.11,0.058193,0.636,11.54
2.11167,0.058293,0.6303,11.57
2.11333,0.058237,0.6303,11.55
2.115,0.057953,0.6219,11.49
2.11667,0.057704,0.6219,11.44
2.11833,0.057663,0.6275,11.43
2.12,0.057735,0.6388,11.44
2.12167,0.058196,0.6388,11.54
2.12333,0.058404,0.6388,11.59
2.125,0.05843,0.6332,11.6
2.12667,0.058426,0.6332,11.58
2.12833,0.058426,0.6332,11.57
2.13,0.058427,0.6332,11.58
2.13167,0.058445,0.6332,11.58
2.13333,0.058469,0.6332,11.59
2.135,0.058505,0.6332,11.59
2.13667,0.058566,0.6332,11.61
2.13833,0.058626,0.6388,11.62
2.14,0.058655,0.6388,11.62
2.14167,0.058677,0.6388,11.62
2.14333,0.058684,0.6388,11.62
2.145,0.058692,0.6388,11.63
2.14667,0.058711,0.6388,11.63
2.14833,0.058736,0.6388,11.64
2.15,0.058796,0.6388,11.65
2.15167,0.058941,0.65,11.68
2.15333,0.059356,0.65,11.77
2.155,0.059466,0.6444,11.79
2.15667,0.059403,0.636,11.78
2.15833,0.059025,0.636,11.7
2.16,0.058885,0.636,11.66
2.16167,0.058883,0.6416,11.67
2.16333,0.059107,0.6528,11.71
2.165,0.059493,0.6528,11.8
2.16667,0.059603,0.6472,11.81
2.16833,0.05964,0.6472,11.82
2.17,0.059633,0.6472,11.83
2.17167,0.059625,0.6472,11.82
2.17333,0.059612,0.6472,11.81
2.175,0.059606,0.6472,11.81
2.17667,0.059613,0.6472,11.81
2.17833,0.059635,0.6472,11.81
2.18,0.059656,0.6472,11.81
2.18167,0.059704,0.6472,11.82
2.18333,0.059778,0.6472,11.84
2.185,0.059855,0.6528,11.86
2.18667,0.059913,0.6528,11.87
2.18833,0.059933,0.6528,11.87
2.19,0.059949,0.6528,11.88
2.19167,0.059976,0.6528,11.88
2.19333,0.060005,0.6528,11.88
2.195,0.060084,0.664,11.9
2.19667,0.060568,0.664,12
2.19833,0.060733,0.6584,12.04
2.2,0.06058,0.65,12.01
2.20167,0.060199,0.65,11.93
2.20333,0.060072,0.65,11.9
2.205,0.060092,0.6556,11.9
2.20667,0.060351,0.664,11.96
2.20833,0.060737,0.664,12.04
2.21,0.060851,0.664,12.06
2.21167,0.060824,0.6584,12.06
2.21333,0.060772,0.6584,12.03
2.215,0.060738,0.6584,12.03
2.21667,0.060729,0.6584,12.03
2.21833,0.060741,0.6584,12.03
2.22,0.060775,0.6584,12.04
2.22167,0.060831,0.6584,12.06
2.22333,0.060905,0.664,12.07
2.225,0.060948,0.664,12.07
2.22667,0.060977,0.664,12.07
2.22833,0.060998,0.664,12.07
2.23,0.061023,0.664,12.08
2.23167,0.061051,0.664,12.09
2.23333,0.061096,0.664,12.09
2.235,0.061165,0.6668,12.11
2.23667,0.061223,0.6668,12.13
2.23833,0.061266,0.6668,12.14
2.24,0.061385,0.678,12.16
2.24167,0.061797,0.678,12.25
2.24333,0.061862,0.6724,12.27
2.245,0.061676,0.6612,12.24
2.24667,0.061372,0.6612,12.17
2.24833,0.061279,0.6668,12.14
2.25,0.061312,0.6696,12.15
2.25167,0.061564,0.678,12.19
2.25333,0.061913,0.678,12.27
2.255,0.061999,0.6724,12.29
2.25667,0.061993,0.6724,12.29
2.25833,0.061979,0.6724,12.27
2.26,0.061969,0.6724,12.27
2.26167,0.061973,0.6724,12.27
2.26333,0.061985,0.6724,12.27
2.265,0.062015,0.6724,12.28
2.26667,0.062062,0.6724,12.29
2.26833,0.062131,0.678,12.3
2.27,0.06219,0.678,12.31
2.27167,0.062221,0.678,12.31
2.27333,0.062229,0.678,12.31
2.275,0.062239,0.678,12.32
2.27667,0.062248,0.678,12.32
2.27833,0.062273,0.678,12.33
2.28,0.06231,0.678,12.33
2.28167,0.062363,0.6808,12.34
2.28333,0.062441,0.6808,12.36
2.285,0.062624,0.692,12.39
2.28667,0.063011,0.6864,12.48
2.28833,0.063096,0.6864,12.5
2.29,0.062839,0.6752,12.44
2.29167,0.06256,0.6752,12.38
2.29333,0.062504,0.6808,12.37
2.295,0.06254,0.6808,12.38
2.29667,0.06289,0.692,12.44
2.29833,0.063182,0.692,12.52
2.3,0.063245,0.6864,12.53
2.30167,0.063236,0.6864,12.52
2.30333,0.063218,0.6864,12.52
2.305,0.063202,0.6864,12.52
2.30667,0.063189,0.6864,12.51
2.30833,0.06319,0.6864,12.51
2.31,0.063212,0.6864,12.52
2.31167,0.063231,0.6864,12.52
2.31333,0.063281,0.6864,12.53
2.315,0.063346,0.6864,12.54
2.31667,0.063425,0.692,12.56
2.31833,0.063468,0.692,12.56
2.32,0.063493,0.692,12.56
2.32167,0.063515,0.692,12.56
2.32333,0.063536,0.692,12.58
2.325,0.063572,0.692,12.57
2.32667,0.063614,0.692,12.58
2.32833,0.063758,0.7032,12.62
2.33,0.064159,0.7032,12.71
2.33167,0.064245,0.6976,12.73
2.33333,0.064204,0.6892,12.71
2.335,0.063836,0.6892,12.63
2.33667,0.063678,0.6892,12.6
2.33833,0.063682,0.6948,12.6
2.34,0.063869,0.706,12.64
2.34167,0.064274,0.706,12.71
2.34333,0.064394,0.7004,12.74
2.345,0.064418,0.7004,12.74
2.34667,0.06441,0.7004,12.73
2.34833,0.064391,0.7004,12.73
2.35,0.064384,0.7004,12.74
2.35167,0.064375,0.7004,12.73
2.35333,0.064377,0.7004,12.73
2.355,0.064384,0.7004,12.73
2.35667,0.064404,0.7004,12.74
2.35833,0.064446,0.7004,12.75
2.36,0.064496,0.7004,12.76
2.36167,0.064571,0.706,12.78
2.36333,0.06467,0.706,12.8
2.365,0.064725,0.706,12.81
2.36667,0.064769,0.706,12.81
2.36833,0.064803,0.706,12.82
2.37,0.064848,0.706,12.84
2.37167,0.06514,0.7172,12.89
2.37333,0.065424,0.7116,12.96
2.375,0.065436,0.7032,12.95
2.37667,0.065021,0.7032,12.87
2.37833,0.064804,0.7032,12.82
2.38,0.064763,0.7032,12.81
2.38167,0.064928,0.7172,12.84
2.38333,0.065373,0.7172,12.94
2.385,0.065525,0.7172,12.98
2.38667,0.065529,0.7116,12.97
2.38833,0.065509,0.7116,12.96
2.39,0.065496,0.7116,12.96
2.39167,0.065495,0.7116,12.96
2.39333,0.065504,0.7116,12.97
2.395,0.065525,0.7116,12.97
2.39667,0.065564,0.7116,12.97
2.39833,0.065613,0.7172,12.98
2.4,0.065656,0.7172,12.99
2.40167,0.065698,0.7172,12.99
2.40333,0.065708,0.7172,13
2.405,0.065726,0.7172,13
2.40667,0.065742,0.7172,13
2.40833,0.065759,0.7172,13.01
2.41,0.065794,0.7172,13.02
2.41167,0.065835,0.7172,13.03
2.41333,0.065922,0.72,13.04
2.415,0.066117,0.7284,13.07
2.41667,0.066508,0.7284,13.16
2.41833,0.066582,0.7228,13.19
2.42,0.066367,0.7144,13.14
2.42167,0.066042,0.7144,13.06
2.42333,0.065964,0.72,13.05
2.425,0.066009,0.7284,13.06
2.42667,0.066433,0.7312,13.15
2.42833,0.066622,0.7256,13.19
2.43,0.066673,0.7256,13.2
2.43167,0.066673,0.7256,13.2
2.43333,0.06667,0.7256,13.19
2.435,0.066665,0.7256,13.19
2.43667,0.06667,0.7256,13.19
2.43833,0.066663,0.7256,13.19
2.44,0.066684,0.7256,13.18
2.44167,0.066714,0.7256,13.19
2.44333,0.066772,0.7256,13.21
2.445,0.066849,0.7256,13.22
2.44667,0.066916,0.7312,13.23
2.44833,0.06696,0.7312,13.24
2.45,0.066975,0.7312,13.25
2.45167,0.066988,0.7312,13.25
2.45333,0.067013,0.7312,13.25
2.455,0.067042,0.7312,13.26
2.45667,0.067086,0.7312,13.27
2.45833,0.067399,0.7424,13.34
2.46,0.067722,0.7424,13.4
2.46167,0.067757,0.7284,13.41
2.46333,0.067371,0.7284,13.33
2.465,0.067167,0.7284,13.29
2.46667,0.067136,0.734,13.27
2.46833,0.067269,0.7424,13.29
2.47,0.067701,0.7424,13.39
2.47167,0.067855,0.7424,13.43
2.47333,0.067845,0.7368,13.43
2.475,0.067802,0.7368,13.41
2.47667,0.06777,0.7368,13.41
2.47833,0.067753,0.7368,13.41
2.48,0.067776,0.7368,13.41
2.48167,0.06783,0.7368,13.41
2.48333,0.06788,0.7368,13.42
2.485,0.067938,0.7424,13.43
2.48667,0.067961,0.7424,13.43
2.48833,0.067981,0.7424,13.44
2.49,0.067996,0.7424,13.44
2.49167,0.068005,0.7424,13.45
2.49333,0.068033,0.7424,13.45
2.495,0.068072,0.7424,13.46
2.49667,0.068133,0.7452,13.48
2.49833,0.068197,0.7452,13.49
2.5,0.068258,0.7452,13.5
2.50167,0.06848,0.7564,13.53
2.50333,0.06882,0.7508,13.61
2.505,0.068874,0.7508,13.63
2.50667,0.068657,0.7396,13.59
2.50833,0.06836,0.7396,13.52
2.51,0.06829,0.7452,13.51
2.51167,0.068308,0.748,13.52
2.51333,0.068632,0.7564,13.58
2.515,0.068921,0.7564,13.64
2.51667,0.068982,0.7508,13.65
2.51833,0.06899,0.7508,13.65
2.52,0.068984,0.7508,13.64
2.52167,0.068955,0.7508,13.64
2.52333,0.068967,0.7508,13.64
2.525,0.068985,0.7508,13.65
2.52667,0.069015,0.7508,13.65
2.52833,0.069058,0.7508,13.66
2.53,0.069126,0.7564,13.68
2.53167,0.06918,0.7564,13.69
2.53333,0.069193,0.7564,13.69
2.535,0.069202,0.7564,13.68
2.53667,0.069209,0.7564,13.69
2.53833,0.06922,0.7564,13.69
2.54,0.069248,0.7564,13.69
2.54167,0.069291,0.7564,13.7
2.54333,0.069353,0.7592,13.71
2.545,0.069423,0.7592,13.72
2.54667,0.069567,0.7704,13.75
2.54833,0.069962,0.7648,13.84
2.55,0.070055,0.7648,13.87
2.55167,0.069942,0.7536,13.83
2.55333,0.069581,0.7536,13.76
2.555,0.069466,0.7592,13.73
2.55667,0.069477,0.7592,13.74
2.55833,0.069711,0.7704,13.79
2.56,0.070094,0.7704,13.88
2.56167,0.070182,0.7648,13.9
2.56333,0.070194,0.7648,13.9
2.565,0.070184,0.7648,13.89
2.56667,0.070173,0.7648,13.88
2.56833,0.070168,0.7648,13.88
2.57,0.070169,0.7648,13.89
2.57167,0.070183,0.7648,13.89
2.57333,0.07021,0.7648,13.89
2.575,0.070255,0.7648,13.9
2.57667,0.070324,0.7704,13.91
2.57833,0.070375,0.7704,13.92
2.58,0.070401,0.7704,13.93
2.58167,0.07041,0.7704,13.92
2.58333,0.070422,0.7704,13.93
2.585,0.070435,0.7704,13.93
2.58667,0.070458,0.7704,13.93
2.58833,0.070498,0.7704,13.93
2.59,0.070559,0.7732,13.95
2.59167,0.070733,0.7816,13.99
2.59333,0.071105,0.7816,14.08
2.595,0.071197,0.776,14.09
2.59667,0.071177,0.776,14.08
2.59833,0.071107,0.7676,14.07
2.6,0.070779,0.7676,14
2.60167,0.070645,0.7676,13.97
2.60333,0.070663,0.7732,13.97
2.605,0.070972,0.7844,14.04
2.60667,0.071322,0.7844,14.12
2.60833,0.071416,0.7788,14.13
2.61,0.071423,0.7788,14.14
2.61167,0.071415,0.7788,14.13
2.61333,0.07141,0.7788,14.12
2.615,0.071416,0.7788,14.12
2.61667,0.071421,0.7788,14.12
2.61833,0.07144,0.7788,14.13
2.62,0.071471,0.7788,14.13
2.62167,0.071517,0.7788,14.14
2.62333,0.071585,0.7844,14.17
2.625,0.07163,0.7844,14.18
2.62667,0.071651,0.7844,14.17
2.62833,0.071661,0.7844,14.17
2.63,0.071666,0.7844,14.17
2.63167,0.071685,0.7844,14.17
2.63333,0.071706,0.7844,14.17
2.635,0.071751,0.7844,14.17
2.63667,0.071825,0.7928,14.2
2.63833,0.072232,0.7956,14.29
2.64,0.072411,0.79,14.33
2.64167,0.072402,0.79,14.32
2.64333,0.07216,0.7816,14.28
2.645,0.071889,0.7816,14.22
2.64667,0.071833,0.7872,14.2
2.64833,0.071898,0.7956,14.22
2.65,0.072348,0.7984,14.31
2.65167,0.072547,0.7928,14.36
2.65333,0.072596,0.7928,14.36
2.655,0.072609,0.7928,14.35
2.65667,0.072591,0.7928,14.36
2.65833,0.072576,0.7928,14.36
2.66,0.07257,0.7928,14.35
2.66167,0.072572,0.7928,14.35
2.66333,0.072581,0.7928,14.36
2.665,0.07261,0.7928,14.36
2.66667,0.072648,0.7928,14.37
2.66833,0.072707,0.7928,14.37
2.67,0.072783,0.7984,14.39
2.67167,0.072848,0.7984,14.41
2.67333,0.072892,0.7984,14.41
2.675,0.072919,0.7984,14.41
2.67667,0.072945,0.7984,14.42
2.67833,0.072977,0.7984,14.43
2.68,0.07308,0.8097,14.45
2.68167,0.073528,0.8097,14.54
2.68333,0.073646,0.804,14.57
2.685,0.073467,0.7956,14.54
2.68667,0.073086,0.7956,14.46
2.68833,0.072949,0.7956,14.43
2.69,0.072962,0.8012,14.44
2.69167,0.073304,0.8097,14.51
2.69333,0.073597,0.8097,14.57
2.695,0.073671,0.804,14.59
2.69667,0.073654,0.804,14.58
2.69833,0.073643,0.804,14.57
2.7,0.073639,0.804,14.58
2.70167,0.07364,0.804,14.57
2.70333,0.07367,0.804,14.58
2.705,0.073706,0.804,14.59
2.70667,0.073762,0.8097,14.6
2.70833,0.073809,0.8097,14.6
2.71,0.073827,0.8097,14.61
2.71167,0.07384,0.8097,14.61
2.71333,0.073848,0.8097,14.61
2.715,0.073849,0.8097,14.61
2.71667,0.073866,0.8097,14.61
2.71833,0.073895,0.8097,14.61
2.72,0.073951,0.8097,14.62
2.72167,0.074021,0.8181,14.63
2.72333,0.074426,0.8209,14.73
2.725,0.074633,0.8209,14.78
2.72667,0.07462,0.8153,14.77
2.72833,0.074347,0.8068,14.71
2.73,0.074064,0.8068,14.65
2.73167,0.073996,0.8125,14.65
2.73333,0.074141,0.8237,14.67
2.735,0.074597,0.8237,14.77
2.73667,0.074746,0.8181,14.81
2.73833,0.074782,0.8181,14.81
2.74,0.074768,0.8181,14.8
2.74167,0.074755,0.8181,14.79
2.74333,0.074744,0.8181,14.79
2.745,0.07473,0.8181,14.78
2.74667,0.074727,0.8181,14.78
2.74833,0.074742,0.8181,14.79
2.75,0.074762,0.8181,14.81
2.75167,0.074803,0.8181,14.81
2.75333,0.074863,0.8181,14.82
2.755,0.074945,0.8237,14.84
2.75667,0.075008,0.8237,14.85
2.75833,0.07504,0.8237,14.86
2.76,0.075068,0.8237,14.85
2.76167,0.075098,0.8237,14.86
2.76333,0.075138,0.8237,14.87
2.765,0.075359,0.8349,14.91
2.76667,0.075734,0.8349,15
2.76833,0.0758,0.8293,15.01
2.77,0.075535,0.8209,14.96
2.77167,0.075213,0.8209,14.89
2.77333,0.075112,0.8209,14.87
2.775,0.075149,0.8293,14.87
2.77667,0.075567,0.8349,14.97
2.77833,0.07585,0.8349,15.03
2.78,0.075915,0.8349,15.05
2.78167,0.075877,0.8293,15.03
2.78333,0.07584,0.8293,15.02
2.785,0.075821,0.8293,15.02
2.78667,0.075812,0.8293,15.01
2.78833,0.075829,0.8293,15.01
2.79,0.075853,0.8293,15.02
2.79167,0.075905,0.8349,15.03
2.79333,0.07597,0.8349,15.04
2.795,0.076002,0.8349,15.05
2.79667,0.076015,0.8349,15.05
2.79833,0.076022,0.8349,15.05
2.8,0.076036,0.8349,15.05
2.80167,0.076066,0.8349,15.06
2.80333,0.076108,0.8349,15.07
2.805,0.076169,0.8377,15.08
2.80667,0.076207,0.8377,15.09
2.80833,0.076244,0.8377,15.1
2.81,0.076298,0.8405,15.12
2.81167,0.076697,0.8489,15.2
2.81333,0.076906,0.8433,15.24
2.815,0.0769,0.8349,15.24
2.81667,0.076521,0.8321,15.16
2.81833,0.076344,0.8377,15.13
2.82,0.076314,0.8377,15.12
2.82167,0.076387,0.8489,15.13
2.82333,0.076812,0.8489,15.23
2.825,0.077024,0.8489,15.28
2.82667,0.07705,0.8433,15.28
2.82833,0.077015,0.8433,15.26
2.83,0.076995,0.8433,15.25
2.83167,0.076979,0.8433,15.25
2.83333,0.076978,0.8433,15.25
2.835,0.076995,0.8433,15.25
2.83667,0.077027,0.8433,15.26
2.83833,0.077082,0.8489,15.27
2.84,0.077134,0.8489,15.28
2.84167,0.077159,0.8489,15.28
2.84333,0.077166,0.8489,15.28
2.845,0.077169,0.8489,15.29
2.84667,0.077167,0.8489,15.28
2.84833,0.077192,0.8489,15.29
2.85,0.077222,0.8489,15.3
2.85167,0.077278,0.8489,15.3
2.85333,0.077345,0.8517,15.31
2.855,0.077416,0.8545,15.33
2.85667,0.077827,0.8629,15.43
2.85833,0.078017,0.8573,15.48
2.86,0.078057,0.8545,15.48
2.86167,0.077778,0.8461,15.41
2.86333,0.077494,0.8461,15.36
2.865,0.077437,0.8517,15.35
2.86667,0.077503,0.8629,15.36
2.86833,0.077969,0.8629,15.46
2.87,0.078184,0.8629,15.5
2.87167,0.0782,0.8573,15.51
2.87333,0.078176,0.8573,15.49
2.875,0.078157,0.8573,15.48
2.87667,0.078138,0.8573,15.48
2.87833,0.078125,0.8573,15.48
2.88,0.078131,0.8573,15.47
2.88167,0.078152,0.8573,15.48
2.88333,0.07819,0.8573,15.49
2.885,0.078257,0.8573,15.5
2.88667,0.078321,0.8629,15.52
2.88833,0.078361,0.8629,15.52
2.89,0.07838,0.8629,15.53
2.89167,0.078392,0.8629,15.54
2.89333,0.078408,0.8629,15.53
2.895,0.078438,0.8629,15.53
2.89667,0.078479,0.8629,15.55
2.89833,0.07852,0.8657,15.56
2.9,0.078602,0.8657,15.57
2.90167,0.078846,0.8769,15.63
2.90333,0.079167,0.8713,15.7
2.905,0.079221,0.8685,15.72
2.90667,0.078948,0.8601,15.66
2.90833,0.078693,0.8601,15.6
2.91,0.078639,0.8657,15.6
2.91167,0.078665,0.8657,15.6
2.91333,0.078977,0.8769,15.67
2.915,0.079291,0.8769,15.74
2.91667,0.079365,0.8713,15.75
2.91833,0.079355,0.8713,15.73
2.92,0.079326,0.8713,15.73
2.92167,0.079304,0.8713,15.72
2.92333,0.079298,0.8713,15.72
2.925,0.079294,0.8713,15.72
2.92667,0.079304,0.8713,15.72
2.92833,0.079319,0.8713,15.73
2.93,0.079362,0.8713,15.73
2.93167,0.079431,0.8769,15.75
2.93333,0.0795,0.8769,15.76
2.935,0.079535,0.8769,15.77
2.93667,0.079545,0.8769,15.78
2.93833,0.079568,0.8769,15.78
2.94,0.079611,0.8769,15.78
2.94167,0.079629,0.8769,15.78
2.94333,0.079671,0.8769,15.8
2.945,0.079762,0.8881,15.81
2.94667,0.080163,0.8881,15.9
2.94833,0.080292,0.8825,15.93
2.95,0.080275,0.8825,15.93
2.95167,0.080115,0.8741,15.9
2.95333,0.0798,0.8741,15.82
2.955,0.07971,0.8741,15.81
2.95667,0.07976,0.8825,15.82
2.95833,0.080171,0.8909,15.9
2.96,0.080443,0.8909,15.96
2.96167,0.080499,0.8853,15.97
2.96333,0.080499,0.8853,15.97
2.965,0.080483,0.8853,15.97
2.96667,0.080473,0.8853,15.96
2.96833,0.080465,0.8853,15.96
2.97,0.080468,0.8853,15.97
2.97167,0.080481,0.8853,15.97
2.97333,0.0805,0.8853,15.96
2.975,0.080538,0.8853,15.97
2.97667,0.080591,0.8853,15.98
2.97833,0.080666,0.8909,16
2.98,0.080713,0.8909,16.01
2.98167,0.080755,0.8909,16.01
2.98333,0.080762,0.8909,16.02
2.985,0.080779,0.8909,16.02
2.98667,0.080798,0.8909,16.02
2.98833,0.08083,0.8909,16.03
2.99,0.080894,0.8965,16.04
2.99167,0.081266,0.9021,16.13
2.99333,0.081441,0.8965,16.17
2.995,0.081434,0.8965,16.16
2.99667,0.081253,0.8881,16.12
2.99833,0.080947,0.8881,16.06
3,0.080862,0.8881,16.04
3.00167,0.080911,0.8937,16.05
3.00333,0.081295,0.9049,16.13
3.005,0.081558,0.8993,16.2
3.00667,0.081619,0.8993,16.2
3.00833,0.081624,0.8993,16.2
3.01,0.0816,0.8993,16.2
3.01167,0.081542,0.8993,16.18
3.01333,0.081507,0.8993,16.17
3.015,0.081492,0.8993,16.17
3.01667,0.081494,0.8993,16.18
3.01833,0.081524,0.8993,16.18
3.02,0.081523,0.8993,16.18
3.02167,0.081561,0.8993,16.19
3.02333,0.081627,0.8993,16.2
3.025,0.081706,0.9049,16.22
3.02667,0.081784,0.9049,16.24
3.02833,0.081829,0.9049,16.25
3.03,0.081862,0.9049,16.26
3.03167,0.081889,0.9049,16.26
3.03333,0.081928,0.9049,16.26
3.035,0.082065,0.9161,16.29
3.03667,0.082465,0.9161,16.38
3.03833,0.08256,0.9105,16.4
3.04,0.082478,0.9021,16.38
3.04167,0.082075,0.9021,16.3
3.04333,0.081914,0.9021,16.27
3.045,0.081909,0.9077,16.27
3.04667,0.082175,0.9161,16.32
3.04833,0.082564,0.9161,16.4
3.05,0.08269,0.9161,16.43
3.05167,0.082678,0.9105,16.44
3.05333,0.082633,0.9105,16.42
3.055,0.082601,0.9105,16.41
3.05667,0.082591,0.9105,16.4
3.05833,0.082637,0.9105,16.41
3.06,0.08267,0.9105,16.42
3.06167,0.082724,0.9105,16.42
3.06333,0.082757,0.9161,16.43
3.065,0.082773,0.9161,16.44
3.06667,0.082777,0.9161,16.43
3.06833,0.082778,0.9161,16.44
3.07,0.082781,0.9161,16.44
3.07167,0.082798,0.9161,16.44
3.07333,0.082832,0.9161,16.44
3.075,0.082871,0.9161,16.45
3.07667,0.082931,0.9189,16.48
3.07833,0.082991,0.9189,16.49
3.08,0.083043,0.9217,16.5
3.08167,0.083441,0.9301,16.58
3.08333,0.083644,0.9245,16.63
3.085,0.083644,0.9161,16.64
3.08667,0.083268,0.9161,16.55
3.08833,0.083068,0.9161,16.51
3.09,0.083027,0.9161,16.51
3.09167,0.083105,0.9273,16.52
3.09333,0.083536,0.9301,16.6
3.095,0.083743,0.9301,16.65
3.09667,0.083744,0.9245,16.66
3.09833,0.083701,0.9245,16.64
3.1,0.083668,0.9245,16.64
3.10167,0.083635,0.9245,16.63
3.10333,0.083614,0.9245,16.64
3.105,0.08361,0.9245,16.64
3.10667,0.083617,0.9245,16.64
3.10833,0.083637,0.9245,16.65
3.11,0.083678,0.9301,16.67
3.11167,0.0837,0.9301,16.67
3.11333,0.083697,0.9301,16.68
3.115,0.083688,0.9301,16.67
3.11667,0.083677,0.9301,16.68
3.11833,0.083676,0.9301,16.68
3.12,0.083674,0.9301,16.69
3.12167,0.08369,0.9301,16.7
3.12333,0.08372,0.9329,16.72
3.125,0.083745,0.9329,16.73
3.12667,0.084008,0.9441,16.79
3.12833,0.084222,0.9385,16.85
3.13,0.084184,0.9357,16.86
3.13167,0.083812,0.9301,16.8
3.13333,0.083529,0.9301,16.75
3.135,0.083423,0.9301,16.73
3.13667,0.083428,0.9357,16.74
3.13833,0.083697,0.9441,16.81
3.14,0.083831,0.9441,16.88
3.14167,0.08373,0.9385,16.88
3.14333,0.083588,0.9385,16.88
3.145,0.083454,0.9385,16.88
3.14667,0.083352,0.9385,16.87
3.14833,0.083278,0.9385,16.87
3.15,0.083228,0.9385,16.87
3.15167,0.083199,0.9385,16.88
3.15333,0.083195,0.9385,16.89
3.155,0.083215,0.9385,16.9
3.15667,0.083264,0.9441,16.91
3.15833,0.083275,0.9441,16.92
3.16,0.083272,0.9441,16.91
3.16167,0.083261,0.9441,16.91
3.16333,0.08326,0.9441,16.92
3.165,0.083274,0.9441,16.92
3.16667,0.08328,0.9441,16.93
3.16833,0.083316,0.9441,16.94
3.17,0.083568,0.9553,17
3.17167,0.083906,0.9553,17.08
3.17333,0.08395,0.9497,17.09
3.175,0.083804,0.9413,17.05
3.17667,0.083448,0.9413,16.98
3.17833,0.083334,0.9413,16.96
3.18,0.083367,0.9497,16.96
3.18167,0.083765,0.9581,17.05
3.18333,0.084015,0.9525,17.11
3.185,0.084075,0.9525,17.11
3.18667,0.084075,0.9525,17.1
3.18833,0.084048,0.9525,17.1
3.19,0.084008,0.9525,17.1
3.19167,0.08397,0.9525,17.09
3.19333,0.083958,0.9525,17.09
3.195,0.083952,0.9525,17.08
3.19667,0.083953,0.9525,17.09
3.19833,0.083982,0.9525,17.1
3.2,0.084028,0.9525,17.11
3.20167,0.084089,0.9525,17.12
3.20333,0.08418,0.9581,17.14
3.205,0.08424,0.9581,17.15
3.20667,0.084274,0.9581,17.16
3.20833,0.084305,0.9581,17.16
3.21,0.084338,0.9581,17.17
3.21167,0.084382,0.9581,17.18
3.21333,0.084672,0.9693,17.24
3.215,0.084964,0.9693,17.31
3.21667,0.084992,0.9637,17.31
3.21833,0.084665,0.9553,17.24
3.22,0.084417,0.9553,17.19
3.22167,0.084368,0.9553,17.18
3.22333,0.084424,0.9609,17.19
3.225,0.084806,0.9693,17.27
3.22667,0.085073,0.9693,17.34
3.22833,0.08514,0.9693,17.35
3.23,0.08509,0.9637,17.33
3.23167,0.085032,0.9637,17.32
3.23333,0.085005,0.9637,17.31
3.235,0.084998,0.9637,17.3
3.23667,0.085004,0.9637,17.3
3.23833,0.085034,0.9637,17.32
3.24,0.085083,0.9637,17.32
3.24167,0.085142,0.9693,17.34
3.24333,0.085182,0.9693,17.35
3.245,0.0852,0.9693,17.35
3.24667,0.085217,0.9693,17.35
3.24833,0.085236,0.9693,17.35
3.25,0.085259,0.9693,17.36
3.25167,0.085299,0.9693,17.37
3.25333,0.085354,0.9721,17.38
3.255,0.085406,0.9721,17.39
3.25667,0.085447,0.9721,17.4
3.25833,0.085512,0.9833,17.41
3.26,0.085943,0.9833,17.5
3.26167,0.086072,0.9777,17.53
3.26333,0.086007,0.9665,17.52
3.265,0.08563,0.9665,17.44
3.26667,0.085493,0.9721,17.42
3.26833,0.085492,0.9721,17.41
3.27,0.085661,0.9833,17.45
3.27167,0.086053,0.9833,17.53
3.27333,0.086187,0.9833,17.56
3.275,0.086185,0.9777,17.55
3.27667,0.086166,0.9777,17.56
3.27833,0.086158,0.9777,17.56
3.28,0.086159,0.9777,17.55
3.28167,0.086169,0.9777,17.55
3.28333,0.086189,0.9777,17.55
3.285,0.086227,0.9777,17.56
3.28667,0.086289,0.9833,17.57
3.28833,0.086327,0.9833,17.57
3.29,0.086335,0.9833,17.58
3.29167,0.086345,0.9833,17.58
3.29333,0.086344,0.9833,17.58
3.295,0.086354,0.9833,17.58
3.29667,0.086368,0.9833,17.59
3.29833,0.086406,0.9833,17.59
3.3,0.086454,0.9833,17.59
3.30167,0.08653,0.9918,17.61
3.30333,0.086964,0.9946,17.7
3.305,0.087178,0.9946,17.76
3.30667,0.087165,0.9833,17.75
3.30833,0.086784,0.9805,17.66
3.31,0.086588,0.9805,17.62
3.31167,0.086568,0.9861,17.62
3.31333,0.086712,0.9974,17.65
3.315,0.087141,0.9974,17.74
3.31667,0.087277,0.9918,17.77
3.31833,0.0873,0.9918,17.78
3.32,0.08729,0.9918,17.77
3.32167,0.087278,0.9918,17.77
3.32333,0.087258,0.9918,17.77
3.325,0.087252,0.9918,17.76
3.32667,0.087255,0.9918,17.76
3.32833,0.087269,0.9918,17.76
3.33,0.087299,0.9918,17.77
3.33167,0.087353,0.9918,17.78
3.33333,0.087417,0.9974,17.79
3.335,0.087488,0.9974,17.81
3.33667,0.08753,0.9974,17.82
3.33833,0.087553,0.9974,17.82
3.34,0.087577,0.9974,17.82
3.34167,0.087602,0.9974,17.83
3.34333,0.087646,0.9974,17.84
3.345,0.087905,1.0086,17.89
3.34667,0.088247,1.0086,17.97
3.34833,0.088297,1.003,17.98
3.35,0.087985,0.9946,17.91
3.35167,0.087702,0.9946,17.85
3.35333,0.087627,0.9946,17.83
3.355,0.087686,1.0086,17.84
3.35667,0.088126,1.0086,17.93
3.35833,0.088383,1.0086,17.99
3.36,0.088445,1.0086,18
3.36167,0.088363,1.003,17.98
3.36333,0.08831,1.003,17.97
3.365,0.088286,1.003,17.96
3.36667,0.088285,1.003,17.97
3.36833,0.088306,1.003,17.97
3.37,0.088353,1.003,17.98
3.37167,0.088413,1.0086,18
3.37333,0.088445,1.0086,18.01
3.375,0.088461,1.0086,18.01
3.37667,0.088466,1.0086,18.01
3.37833,0.088478,1.0086,18.01
3.38,0.088502,1.0086,18.01
3.38167,0.088535,1.0086,18.02
3.38333,0.088579,1.0086,18.03
3.385,0.088649,1.0114,18.04
3.38667,0.088694,1.0114,18.04
3.38833,0.088742,1.0114,18.06
3.39,0.089053,1.0226,18.13
3.39167,0.089306,1.017,18.19
3.39333,0.089339,1.017,18.2
3.395,0.089096,1.0086,18.15
3.39667,0.088829,1.0086,18.08
3.39833,0.088728,1.0086,18.06
3.4,0.088816,1.0142,18.07
3.40167,0.089113,1.0226,18.13
3.40333,0.089433,1.0226,18.2
3.405,0.089528,1.0226,18.24
3.40667,0.089501,1.017,18.23
3.40833,0.089455,1.017,18.21
3.41,0.089435,1.017,18.2
3.41167,0.089429,1.017,18.2
3.41333,0.089427,1.017,18.21
3.415,0.08945,1.017,18.21
3.41667,0.08949,1.017,18.21
3.41833,0.089557,1.0226,18.22
3.42,0.089605,1.0226,18.23
3.42167,0.089627,1.0226,18.24
3.42333,0.089647,1.0226,18.25
3.425,0.089655,1.0226,18.25
3.42667,0.089676,1.0226,18.25
3.42833,0.089713,1.0226,18.26
3.43,0.089758,1.0226,18.26
3.43167,0.089825,1.0254,18.28
3.43333,0.089886,1.0282,18.29
3.435,0.090251,1.0338,18.37
3.43667,0.090492,1.0338,18.42
3.43833,0.09049,1.0282,18.42
3.44,0.09026,1.0198,18.37
3.44167,0.089923,1.0198,18.3
3.44333,0.089831,1.0254,18.28
3.445,0.089894,1.0366,18.3
3.44667,0.090342,1.0366,18.39
3.44833,0.090543,1.0366,18.44
3.45,0.090587,1.031,18.45
3.45167,0.090596,1.031,18.44
3.45333,0.090589,1.031,18.44
3.455,0.090586,1.031,18.44
3.45667,0.090586,1.031,18.44
3.45833,0.090596,1.031,18.44
3.46,0.090621,1.031,18.45
3.46167,0.09065,1.031,18.46
3.46333,0.090704,1.0366,18.47
3.465,0.090766,1.0366,18.48
3.46667,0.09079,1.0366,18.49
3.46833,0.090809,1.0366,18.49
3.47,0.090812,1.0366,18.49
3.47167,0.090825,1.0366,18.49
3.47333,0.090845,1.0366,18.49
3.475,0.09088,1.0366,18.5
3.47667,0.090993,1.0478,18.53
3.47833,0.091447,1.0478,18.63
3.48,0.091528,1.0422,18.65
3.48167,0.091483,1.0338,18.63
3.48333,0.091104,1.0338,18.55
3.485,0.090947,1.0338,18.52
3.48667,0.090942,1.0394,18.52
3.48833,0.091059,1.0478,18.54
3.49,0.091482,1.0478,18.63
3.49167,0.091658,1.0478,18.67
3.49333,0.091686,1.0478,18.68
3.495,0.091621,1.0422,18.67
3.49667,0.091569,1.0422,18.66
3.49833,0.091548,1.0422,18.65
3.5,0.091558,1.0422,18.65
3.50167,0.091601,1.0422,18.66
3.50333,0.091661,1.0478,18.67
3.505,0.091697,1.0478,18.67
3.50667,0.091718,1.0478,18.68
3.50833,0.091733,1.0478,18.69
3.51,0.09175,1.0478,18.69
3.51167,0.091787,1.0478,18.7
3.51333,0.091833,1.0478,18.7
3.515,0.0919,1.0506,18.72
3.51667,0.091936,1.0506,18.73
3.51833,0.09196,1.0506,18.73
3.52,0.09224,1.0618,18.79
3.52167,0.092521,1.0562,18.86
3.52333,0.092581,1.0562,18.87
3.525,0.092356,1.0478,18.82
3.52667,0.092047,1.0478,18.75
3.52833,0.091938,1.0478,18.73
3.53,0.091957,1.0534,18.74
3.53167,0.092216,1.0618,18.79
3.53333,0.092576,1.0618,18.86
3.535,0.092694,1.0618,18.9
3.53667,0.092693,1.0562,18.89
3.53833,0.092668,1.0562,18.89
3.54,0.092653,1.0562,18.88
3.54167,0.092649,1.0562,18.88
3.54333,0.092646,1.0562,18.88
3.545,0.092667,1.0562,18.89
3.54667,0.092699,1.0562,18.89
3.54833,0.092752,1.0618,18.9
3.55,0.092788,1.0618,18.92
3.55167,0.092792,1.0618,18.92
3.55333,0.092805,1.0618,18.92
3.555,0.092811,1.0618,18.91
3.55667,0.092815,1.0618,18.92
3.55833,0.092825,1.0618,18.92
3.56,0.092803,1.0618,18.92
3.56167,0.092869,1.0618,18.94
3.56333,0.093076,1.073,18.98
3.565,0.093482,1.073,19.07
3.56667,0.09358,1.0674,19.09
3.56833,0.093539,1.0674,19.08
3.57,0.093221,1.059,19.02
3.57167,0.093,1.059,18.97
3.57333,0.092965,1.0646,18.96
3.575,0.093056,1.073,18.98
3.57667,0.093494,1.073,19.07
3.57833,0.0937,1.073,19.12
3.58,0.09376,1.073,19.13
3.58167,0.093746,1.073,19.13
3.58333,0.093691,1.073,19.11
3.585,0.093616,1.073,19.09
3.58667,0.093545,1.0674,19.08
3.58833,0.093531,1.0674,19.08
3.59,0.093578,1.073,19.08
3.59167,0.093633,1.073,19.09
3.59333,0.093675,1.073,19.1
3.595,0.093722,1.073,19.12
3.59667,0.093778,1.073,19.14
3.59833,0.093844,1.0758,19.15
3.6,0.093895,1.0758,19.16
3.60167,0.09395,1.0758,19.17
3.60333,0.094282,1.0842,19.25
3.605,0.09452,1.0842,19.3
3.60667,0.094538,1.0786,19.31
3.60833,0.09445,1.0786,19.29
3.61,0.094279,1.0702,19.25
3.61167,0.093938,1.0702,19.18
3.61333,0.093842,1.0758,19.16
3.615,0.093902,1.087,19.17
3.61667,0.094366,1.087,19.26
3.61833,0.094579,1.087,19.32
3.62,0.094618,1.0814,19.32
3.62167,0.0946,1.0814,19.31
3.62333,0.094579,1.0814,19.31
3.625,0.094556,1.0814,19.31
3.62667,0.094561,1.0814,19.31
3.62833,0.094586,1.0814,19.31
3.63,0.094621,1.0814,19.32
3.63167,0.094678,1.087,19.34
3.63333,0.094705,1.087,19.34
3.635,0.094722,1.087,19.35
3.63667,0.094722,1.087,19.35
3.63833,0.094723,1.087,19.35
3.64,0.094727,1.087,19.35
3.64167,0.094744,1.087,19.34
3.64333,0.094768,1.087,19.35
3.645,0.094818,1.0898,19.37
3.64667,0.095015,1.0982,19.41
3.64833,0.095377,1.0982,19.49
3.65,0.095454,1.0926,19.51
3.65167,0.095399,1.0926,19.49
3.65333,0.0951,1.0842,19.43
3.655,0.094872,1.0842,19.38
3.65667,0.094829,1.0898,19.38
3.65833,0.094906,1.0982,19.4
3.66,0.09532,1.0982,19.49
3.66167,0.095536,1.0982,19.54
3.66333,0.095605,1.0982,19.55
3.665,0.095583,1.0982,19.53
3.66667,0.095524,1.0982,19.53
3.66833,0.095438,1.0926,19.51
3.67,0.095369,1.0926,19.49
3.67167,0.095365,1.0926,19.49
3.67333,0.095412,1.0982,19.5
3.675,0.095468,1.0982,19.53
3.67667,0.095511,1.0982,19.54
3.67833,0.095549,1.0982,19.54
3.68,0.095602,1.0982,19.56
3.68167,0.09565,1.101,19.58
3.68333,0.095708,1.101,19.59
3.685,0.095753,1.101,19.6
3.68667,0.096011,1.1094,19.66
3.68833,0.0963,1.1094,19.72
3.69,0.096336,1.1094,19.72
3.69167,0.096241,1.1038,19.7
3.69333,0.095994,1.0954,19.66
3.695,0.095673,1.0954,19.58
3.69667,0.095599,1.101,19.57
3.69833,0.095689,1.1122,19.6
3.7,0.096123,1.1122,19.68
3.70167,0.096305,1.1122,19.73
3.70333,0.096324,1.1066,19.74
3.705,0.096308,1.1066,19.74
3.70667,0.096293,1.1066,19.73
3.70833,0.096283,1.1066,19.73
3.71,0.096282,1.1066,19.74
3.71167,0.096296,1.1066,19.75
3.71333,0.096314,1.1066,19.74
3.715,0.09636,1.1122,19.76
3.71667,0.096409,1.1122,19.78
3.71833,0.096435,1.1122,19.78
3.72,0.096442,1.1122,19.79
3.72167,0.09644,1.1122,19.79
3.72333,0.096444,1.1122,19.79
3.725,0.096458,1.1122,19.8
3.72667,0.096482,1.1122,19.8
3.72833,0.096597,1.1234,19.83
3.73,0.09701,1.1234,19.91
3.73167,0.097108,1.1178,19.93
3.73333,0.09707,1.115,19.92
3.735,0.096721,1.1094,19.85
3.73667,0.096506,1.1094,19.8
3.73833,0.096469,1.115,19.81
3.74,0.096558,1.1234,19.82
3.74167,0.096956,1.1234,19.9
3.74333,0.097138,1.1234,19.94
3.745,0.097166,1.1234,19.96
3.74667,0.097115,1.1178,19.94
3.74833,0.097065,1.1178,19.92
3.75,0.097046,1.1178,19.93
3.75167,0.097055,1.1178,19.94
3.75333,0.097085,1.1178,19.94
3.755,0.097138,1.1234,19.95
3.75667,0.097171,1.1234,19.96
3.75833,0.097186,1.1234,19.98
3.76,0.097196,1.1234,19.98
3.76167,0.097209,1.1234,19.99
3.76333,0.097234,1.1234,19.99
3.765,0.097281,1.1234,19.99
3.76667,0.09733,1.1262,20.01
